{"name":"NetworkCtlService","version":"1.0.0.200317000407","summary":"NetworkCtlService - 支付宝钱包NetworkCtlService类库","description":"* Detail about this framework.","homepage":"https://www.mpaas.com/","license":"MIT","authors":"mPaaS","platforms":{"ios":"5.0"},"source":{"http":"https://mpaas-ios.oss-cn-hangzhou.aliyuncs.com/mPaaS-SDK-Public/NetworkCtlService/1_0_0_200317000407.tar.gz"},"preserve_paths":"NetworkCtlService.framework/*","resources":"NetworkCtlService.framework/*.bundle","dependencies":{"mPaas":[],"APConfig":[],"MPDataCenter":[],"APMobileFramework":[],"APRemoteLogging":[],"AMRPC":[],"AMNet":[],"APProtocolBuffers":[],"APBaseInterfaceAdapter":[],"APMobileNetwork":[],"APLongLinkService":[]},"vendored_frameworks":"NetworkCtlService.framework","requires_arc":true,"xcconfig":{"FRAMEWORK_SEARCH_PATHS":"$(PODS_ROOT)/NetworkCtlService"}}