{
  "name": "MPSecuritySDKCoreAdapter",
  "version": "1.0.0.230511160935",
  "summary": "MPSecuritySDKCoreAdapter - 支付宝钱包MPSecuritySDKCoreAdapter类库",
  "description": "* Detail about this framework.",
  "homepage": "https://www.mpaas.com/",
  "license": "MIT",
  "authors": "mPaaS",
  "platforms": {
    "ios": "5.0"
  },
  "source": {
    "http": "https://mpaas-ios.oss-cn-hangzhou.aliyuncs.com/mPaaS-SDK-Public/MPSecuritySDKCoreAdapter/1_0_0_230511160935.tar.gz"
  },
  "preserve_paths": "MPSecuritySDKCoreAdapter.framework/*",
  "resources": "MPSecuritySDKCoreAdapter.framework/*.bundle",
  "dependencies": {
    "mPaas": [],
    "APLog": [],
    "APPSecuritySDKCore": [],
    "APPSecurityMPaasAdapter": []
  },
  "vendored_frameworks": "MPSecuritySDKCoreAdapter.framework",
  "requires_arc": true,
  "xcconfig": {
    "FRAMEWORK_SEARCH_PATHS": "$(PODS_ROOT)/MPSecuritySDKCoreAdapter"
  }
}