{
  "name": "APCommonUI",
  "version": "1.0.0.201222135038",
  "summary": "APCommonUI - The UIKit framework provides the classes needed to construct and manage an application’s user interface",
  "description": "* The UIKit framework provides the classes needed to construct and manage an application’s user interface.",
  "homepage": "https://www.mpaas.com/",
  "license": "MIT",
  "authors": "mPaaS",
  "platforms": {
    "ios": "5.0"
  },
  "source": {
    "http": "https://mpaas-ios.oss-cn-hangzhou.aliyuncs.com/mPaaS-SDK-Public/APCommonUI/1_0_0_201222135038.tar.gz"
  },
  "preserve_paths": "APCommonUI.framework/*",
  "dependencies": {
    "AntUI": []
  },
  "vendored_frameworks": "APCommonUI.framework",
  "requires_arc": true,
  "xcconfig": {
    "FRAMEWORK_SEARCH_PATHS": "$(PODS_ROOT)/APCommonUI"
  }
}