{
  "name": "APNetworkTransport",
  "version": "1.0.0.221017141910",
  "summary": "APNetworkTransport - 支付宝钱包Transport类库",
  "description": "* Detail about this framework.",
  "homepage": "https://www.mpaas.com/",
  "license": "MIT",
  "authors": "mPaaS",
  "platforms": {
    "ios": "5.0"
  },
  "source": {
    "http": "https://mpaas-ios.oss-cn-hangzhou.aliyuncs.com/mPaaS-SDK-Public/APNetworkTransport/1_0_0_221017141910.tar.gz"
  },
  "preserve_paths": "APNetworkTransport.framework/*",
  "resources": "APNetworkTransport.framework/*.bundle",
  "dependencies": {
    "APMobileNetwork": []
  },
  "vendored_frameworks": "APNetworkTransport.framework",
  "requires_arc": true,
  "xcconfig": {
    "FRAMEWORK_SEARCH_PATHS": "$(PODS_ROOT)/APNetworkTransport"
  }
}