{
  "name": "AMNet",
  "version": "1.0.0.221215172406",
  "summary": "AMNet - 支付宝钱包AMNet类库",
  "description": "* Detail about this framework.",
  "homepage": "https://www.mpaas.com/",
  "license": "MIT",
  "authors": "mPaaS",
  "platforms": {
    "ios": "5.0"
  },
  "source": {
    "http": "https://mpaas-ios.oss-cn-hangzhou.aliyuncs.com/mPaaS-SDK-Public/AMNet/1_0_0_221215172406.tar.gz"
  },
  "preserve_paths": "AMNet.framework/*",
  "dependencies": {
    "APOpenSSL": [],
    "APBaseInterfaceAdapter": []
  },
  "vendored_frameworks": "AMNet.framework",
  "requires_arc": true,
  "xcconfig": {
    "FRAMEWORK_SEARCH_PATHS": "$(PODS_ROOT)/AMNet"
  }
}