{"name":"AlipayVerifySDK","version":"1.0.0.210722205113","summary":"AlipayVerifySDK - 支付宝钱包AlipayVerifySDK类库","description":"* Detail about this framework.","homepage":"https://www.mpaas.com/","license":"MIT","authors":"mPaaS","platforms":{"ios":"5.0"},"source":{"http":"https://mpaas-ios.oss-cn-hangzhou.aliyuncs.com/mPaaS-SDK-Public/AlipayVerifySDK/1_0_0_210722205113.tar.gz"},"preserve_paths":"AlipayVerifySDK.framework/*","resources":"AlipayVerifySDK.framework/*.bundle","dependencies":{"APPSecuritySDK":[],"BioAuthAPI":[],"MPRemoteLogging":[],"ToygerService":[],"ZolozIdentityManager":[],"ZolozMobileRPC":[],"ZolozOpenPlatformBuild":[],"ZolozSensorServices":[],"ZolozUtility":[],"AliyunIdentityManager":[],"APBToygerFacade":[],"BioAuthEngine":[],"OCRDetectSDKForTech":[]},"vendored_frameworks":"AlipayVerifySDK.framework","requires_arc":true,"xcconfig":{"FRAMEWORK_SEARCH_PATHS":"$(PODS_ROOT)/AlipayVerifySDK"}}