{"name":"DTShareKit","version":"1.0.0.220629144327","summary":"DTShareKit - 支付宝钱包DTShareKit类库","description":"* Detail about this framework.","homepage":"https://www.mpaas.com/","license":"MIT","authors":"mPaaS","platforms":{"ios":"5.0"},"source":{"http":"https://mpaas-ios.oss-cn-hangzhou.aliyuncs.com/mPaaS-SDK-Public/DTShareKit/1_0_0_220629144327.tar.gz"},"preserve_paths":"DTShareKit.framework/*","vendored_frameworks":"DTShareKit.framework","public_header_files":"DTShareKit.framework/*.h","requires_arc":true,"xcconfig":{"FRAMEWORK_SEARCH_PATHS":"$(PODS_ROOT)/DTShareKit"}}