{
  "name": "APMVoiceManager",
  "version": "1.0.0.221129112217",
  "summary": "APMVoiceManager - 支付宝钱包APMVoiceManager类库",
  "description": "* Detail about this framework.",
  "homepage": "https://www.mpaas.com/",
  "license": "MIT",
  "authors": "mPaaS",
  "platforms": {
    "ios": "5.0"
  },
  "source": {
    "http": "https://mpaas-ios.oss-cn-hangzhou.aliyuncs.com/mPaaS-SDK-Public/APMVoiceManager/1_0_0_221129112217.tar.gz"
  },
  "preserve_paths": "APMVoiceManager.framework/*",
  "resources": "APMVoiceManager.framework/*.bundle",
  "dependencies": {
    "APMUtils": [],
    "APMTaskManager": [],
    "APMCommon": [],
    "APMMediaCache": [],
    "APMFileTransfer": [],
    "APMAudioCapturer": []
  },
  "vendored_frameworks": "APMVoiceManager.framework",
  "requires_arc": true,
  "xcconfig": {
    "FRAMEWORK_SEARCH_PATHS": "$(PODS_ROOT)/APMVoiceManager"
  }
}