{
  "name": "MarsNative",
  "version": "1.0.0.230506143330",
  "summary": "MarsNative - 支付宝钱包MarsNative类库",
  "description": "* Detail about this framework.",
  "homepage": "https://www.mpaas.com/",
  "license": "MIT",
  "authors": "mPaaS",
  "platforms": {
    "ios": "5.0"
  },
  "source": {
    "http": "https://mpaas-ios.oss-cn-hangzhou.aliyuncs.com/mPaaS-SDK-Public/MarsNative/1_0_0_230506143330.tar.gz"
  },
  "preserve_paths": "MarsNative.framework/*",
  "resources": "MarsNative.framework/*.bundle",
  "dependencies": {
    "APMobileFramework": [],
    "AriverExtHub": [],
    "AnimatiableBase": [],
    "APDowngrade": [],
    "mPaas": []
  },
  "vendored_frameworks": "MarsNative.framework",
  "requires_arc": true,
  "xcconfig": {
    "FRAMEWORK_SEARCH_PATHS": "$(PODS_ROOT)/MarsNative"
  }
}