{"name":"BeePhotoBrowser","version":"1.0.0.190906154709","summary":"BeePhotoBrowser - 支付宝BeePhotoBrowser类库","description":"* Detail about this framework.","homepage":"https://www.mpaas.com/","license":"MIT","authors":"mPaaS","platforms":{"ios":"7.0"},"source":{"http":"https://mpaas-ios-test.oss-cn-hangzhou.aliyuncs.com/mPaaS-SDK-Public/BeePhotoBrowser/1_0_0_190906154709.tar.gz"},"preserve_paths":"BeePhotoBrowser.framework/*","resources":"BeePhotoBrowser.framework/*.bundle","dependencies":{"APMobileNetwork":[],"APMobileFramework":[],"APLog":[],"AntUI":[],"BeeMediaPlayer":[],"APCommonUI":[],"Nebula":[]},"vendored_frameworks":"BeePhotoBrowser.framework","weak_frameworks":"Photos","requires_arc":true,"xcconfig":{"FRAMEWORK_SEARCH_PATHS":"$(PODS_ROOT)/BeePhotoBrowser"}}