{"name":"MultimediaDemo","version":"1.0.0.220311175653","summary":"Demo","description":"相关功能 demo，包括：","homepage":"https://www.mpaas.com/","license":"MIT","authors":"mPaaS","platforms":{"ios":"8.0"},"source":{"http":"https://mpaas-ios.oss-cn-hangzhou.aliyuncs.com/mPaaS-SDK-Public/MultimediaDemo/1_0_0_220311175653.tar.gz"},"vendored_frameworks":"MultimediaDemo.framework","libraries":["z","c++"],"resources":["MultimediaDemo.framework/FaceLivenessSDK.bundle","MultimediaDemo.framework/aligreen-license.bin","MultimediaDemo.framework/yw_1222_1d41.jpg"],"preserve_paths":"MultimediaDemo.framework/*","dependencies":{"APMobileFramework":[],"APCommonUI":[],"AntUI":[],"AntUIShellForMpass":[],"KYC":[],"FaceLivenessSDK":[],"MPKYCAdapter":[]},"requires_arc":true}