{"name":"hummer","version":"1.0.0.220426161341","summary":"hummer - 支付宝钱包hummer类库","description":"zoloz国际eKYC解决方案层复用框架","homepage":"https://www.mpaas.com/","license":"MIT","authors":"mPaaS","platforms":{"ios":"5.0"},"source":{"http":"https://mpaas-ios.oss-cn-hangzhou.aliyuncs.com/mPaaS-SDK-Public/hummer/1_0_0_220426161341.tar.gz"},"preserve_paths":"hummer.framework/*","resources":"hummer.framework/*.bundle","dependencies":{"BioAuthEngine":[],"ZolozIdentityManager":[],"ToygerService":[]},"vendored_frameworks":"hummer.framework","requires_arc":true,"xcconfig":{"FRAMEWORK_SEARCH_PATHS":"$(PODS_ROOT)/hummer"}}