{"name":"ARTVC","version":"1.0.0.210419191357","summary":"ARTVC - 支付宝钱包ARTVC类库","description":"* Detail about this framework.","homepage":"https://www.mpaas.com/","license":"MIT","authors":"mPaaS","platforms":{"ios":"5.0"},"source":{"http":"https://mpaas-ios.oss-cn-hangzhou.aliyuncs.com/mPaaS-SDK-Public/ARTVC/1_0_0_210419191357.tar.gz"},"preserve_paths":"ARTVC.framework/*","resources":"ARTVC.framework/*.bundle","dependencies":{"APMUtils":[],"SocketRocket":[],"APMLogging":[],"mPaas":[],"Blox":[],"Texel":[],"APMediaBasic":[]},"frameworks":["CoreMotion","ReplayKit","SystemConfiguration","CoreTelephony","UIKit","GLKit","OpenGLES","CoreMedia","AVFoundation","VideoToolbox","AudioToolbox"],"vendored_frameworks":"ARTVC.framework","requires_arc":true,"xcconfig":{"FRAMEWORK_SEARCH_PATHS":"$(PODS_ROOT)/ARTVC"}}