{"name":"MPSafeKeyboard","version":"1.0.0.210119172138","summary":"MPSafeKeyboard - mPaaS 安全键盘","description":"* Detail about this framework.","homepage":"https://www.mpaas.com/","license":"MIT","authors":"mPaaS","platforms":{"ios":"8.0"},"source":{"http":"https://mpaas-ios.oss-cn-hangzhou.aliyuncs.com/mPaaS-SDK-Public/MPSafeKeyboard/1_0_0_210119172138.tar.gz"},"preserve_paths":"MPSafeKeyboard.framework/*","dependencies":{"APOpenSSL":[],"AntUI":[],"APRemoteLogging":[]},"vendored_frameworks":"MPSafeKeyboard.framework","requires_arc":true,"xcconfig":{"FRAMEWORK_SEARCH_PATHS":"$(PODS_ROOT)/MPSafeKeyboard"}}