{
  "name": "MPSmartSceneDebug",
  "version": "1.0.0.230306100516",
  "summary": "MPSmartSceneDebug - 支付宝钱包MPSmartSceneDebug类库",
  "description": "* Detail about this framework.",
  "homepage": "https://www.mpaas.com/",
  "license": "MIT",
  "authors": "mPaaS",
  "platforms": {
    "ios": "5.0"
  },
  "source": {
    "http": "https://mpaas-ios.oss-cn-hangzhou.aliyuncs.com/mPaaS-SDK-Public/MPSmartSceneDebug/1_0_0_230306100516.tar.gz"
  },
  "preserve_paths": "MPSmartSceneDebug.framework/*",
  "resources": "MPSmartSceneDebug.framework/*.bundle",
  "dependencies": {
    "APMobileFramework": [],
    "MPSmartSceneSDK": [],
    "SocketRocket": []
  },
  "vendored_frameworks": "MPSmartSceneDebug.framework",
  "requires_arc": true,
  "xcconfig": {
    "FRAMEWORK_SEARCH_PATHS": "$(PODS_ROOT)/MPSmartSceneDebug"
  }
}