{
  "name": "AnimatiableBase",
  "version": "1.0.0.211213154138",
  "summary": "AnimatiableBase - 支付宝钱包AnimatiableBase类库",
  "description": "* Detail about this framework.",
  "homepage": "https://www.mpaas.com/",
  "license": "MIT",
  "authors": "mPaaS",
  "platforms": {
    "ios": "5.0"
  },
  "source": {
    "http": "https://mpaas-ios.oss-cn-hangzhou.aliyuncs.com/mPaaS-SDK-Public/AnimatiableBase/1_0_0_211213154138.tar.gz"
  },
  "preserve_paths": "AnimatiableBase.framework/*",
  "resources": "AnimatiableBase.framework/*.bundle",
  "vendored_frameworks": "AnimatiableBase.framework",
  "requires_arc": true,
  "xcconfig": {
    "FRAMEWORK_SEARCH_PATHS": "$(PODS_ROOT)/AnimatiableBase"
  }
}