{"name":"NebulaAuth","version":"1.0.0.201117141318","summary":"NebulaAuth - 支付宝钱包NebulaAuth类库","description":"* Detail about this framework.","homepage":"https://www.mpaas.com/","license":"MIT","authors":"mPaaS","platforms":{"ios":"5.0"},"source":{"http":"https://mpaas-ios.oss-cn-hangzhou.aliyuncs.com/mPaaS-SDK-Public/NebulaAuth/1_0_0_201117141318.tar.gz"},"preserve_paths":"NebulaAuth.framework/*","dependencies":{"APMobileNetwork":[],"APMobileFramework":[],"Nebula":[],"NebulaAppBiz":[],"NebulaBiz":[],"NebulaSecurity":[],"NebulaTinyAppDebug":[],"NebulaSDK":[],"InsideSDK":[],"mPaas":[],"NebulaSDKPlugins":[]},"vendored_frameworks":"NebulaAuth.framework","requires_arc":true,"xcconfig":{"FRAMEWORK_SEARCH_PATHS":"$(PODS_ROOT)/NebulaAuth"}}