{
  "name": "MPFaceShieldAdapter",
  "version": "1.0.0.230511164734",
  "summary": "MPFaceShieldAdapter - 支付宝钱包MPFaceShieldAdapter类库",
  "description": "* Detail about this framework.",
  "homepage": "https://www.mpaas.com/",
  "license": "MIT",
  "authors": "mPaaS",
  "platforms": {
    "ios": "5.0"
  },
  "source": {
    "http": "https://mpaas-ios.oss-cn-hangzhou.aliyuncs.com/mPaaS-SDK-Public/MPFaceShieldAdapter/1_0_0_230511164734.tar.gz"
  },
  "preserve_paths": "MPFaceShieldAdapter.framework/*",
  "resources": "MPFaceShieldAdapter.framework/*.bundle",
  "dependencies": {
    "mPaas": [],
    "APLog": [],
    "MPUTDIDAdapter": [],
    "APPSecuritySDKCore": [],
    "APPSecurityMPaasAdapter": [],
    "MPSecuritySDKCoreAdapter": []
  },
  "vendored_frameworks": "MPFaceShieldAdapter.framework",
  "requires_arc": true,
  "xcconfig": {
    "FRAMEWORK_SEARCH_PATHS": "$(PODS_ROOT)/MPFaceShieldAdapter"
  }
}