{"name":"MultimediaDemo","version":"1.0.0.200305120048","summary":"Demo","description":"相关功能 demo，包括：","homepage":"https://www.mpaas.com/","license":"MIT","authors":"mPaaS","platforms":{"ios":"8.0"},"source":{"http":"https://mpaas-ios.oss-cn-hangzhou.aliyuncs.com/mPaaS-SDK-Public/MultimediaDemo/1_0_0_200305120048.tar.gz"},"vendored_frameworks":"MultimediaDemo.framework","libraries":["z","c++"],"resources":"MultimediaDemo.framework/*.bundle","preserve_paths":"MultimediaDemo.framework/*","dependencies":{"APCommonUI":[],"AntUI":[],"AntUIShellForMpass":[],"KYC":[],"FaceLivenessSDK":[]},"requires_arc":true}