{"name":"APSecDeviceInfo","version":"1.0.0.190906170603","summary":"安全SDK设备信息","description":"* Detail about this framework.","homepage":"https://www.mpaas.com/","license":"MIT","authors":"mPaaS","platforms":{"ios":"5.0"},"source":{"http":"https://mpaas-ios.oss-cn-hangzhou.aliyuncs.com/mPaaS-SDK-Public/APSecDeviceInfo/1_0_0_190906170603.tar.gz"},"preserve_paths":"APSecDeviceInfo.framework/*","vendored_frameworks":"APSecDeviceInfo.framework","requires_arc":true,"xcconfig":{"FRAMEWORK_SEARCH_PATHS":"$(PODS_ROOT)/APSecDeviceInfo"}}