{
  "name": "BeeYouKuPlayerWrapper",
  "version": "1.0.0.220309162127",
  "summary": "BeeYouKuPlayerWrapper - 支付宝钱包BeeYouKuPlayerWrapper类库",
  "description": "* Detail about this framework.",
  "homepage": "https://www.mpaas.com/",
  "license": "MIT",
  "authors": "mPaaS",
  "platforms": {
    "ios": "5.0"
  },
  "source": {
    "http": "https://mpaas-ios.oss-cn-hangzhou.aliyuncs.com/mPaaS-SDK-Public/BeeYouKuPlayerWrapper/1_0_0_220309162127.tar.gz"
  },
  "preserve_paths": "BeeYouKuPlayerWrapper.framework/*",
  "resources": "BeeYouKuPlayerWrapper.framework/*.bundle",
  "dependencies": {
    "BeeMediaPlayer": [],
    "YouKuPlayer": []
  },
  "vendored_frameworks": "BeeYouKuPlayerWrapper.framework",
  "requires_arc": true,
  "xcconfig": {
    "FRAMEWORK_SEARCH_PATHS": "$(PODS_ROOT)/BeeYouKuPlayerWrapper"
  }
}