{"name":"ARTVC","version":"1.0.0.200715171659","summary":"ARTVC - 支付宝钱包ARTVC类库","description":"* Detail about this framework.","homepage":"https://www.mpaas.com/","license":"MIT","authors":"mPaaS","platforms":{"ios":"5.0"},"source":{"http":"https://mpaas-ios.oss-cn-hangzhou.aliyuncs.com/mPaaS-SDK-Public/ARTVC/1_0_0_200715171659.tar.gz"},"preserve_paths":"ARTVC.framework/*","resources":"ARTVC.framework/*.bundle","vendored_frameworks":"ARTVC.framework","requires_arc":true,"xcconfig":{"FRAMEWORK_SEARCH_PATHS":"$(PODS_ROOT)/ARTVC"}}