{"name":"APLogLite","version":"1.0.0.211203143339","summary":"APLogLite - 支付宝钱包APLogLite类库","description":"* Detail about this framework.","homepage":"https://www.mpaas.com/","license":"MIT","authors":"mPaaS","platforms":{"ios":"5.0"},"source":{"http":"https://mpaas-ios.oss-cn-hangzhou.aliyuncs.com/mPaaS-SDK-Public/APLogLite/1_0_0_211203143339.tar.gz"},"preserve_paths":"APLogLite.framework/*","dependencies":{"BioAuthEngine":[],"ToygerService":[]},"vendored_frameworks":"APLogLite.framework","requires_arc":true,"xcconfig":{"FRAMEWORK_SEARCH_PATHS":"$(PODS_ROOT)/APLogLite"}}