{
  "name": "BeePhotoBrowser",
  "version": "1.0.0.230407154916",
  "summary": "BeePhotoBrowser - 支付宝BeePhotoBrowser类库",
  "description": "* Detail about this framework.",
  "homepage": "https://www.mpaas.com/",
  "license": "MIT",
  "authors": "mPaaS",
  "platforms": {
    "ios": "7.0"
  },
  "source": {
    "http": "https://mpaas-ios.oss-cn-hangzhou.aliyuncs.com/mPaaS-SDK-Public/BeePhotoBrowser/1_0_0_230407154916.tar.gz"
  },
  "preserve_paths": "BeePhotoBrowser.framework/*",
  "resources": "BeePhotoBrowser.framework/*.bundle",
  "frameworks": "MediaPlayer",
  "dependencies": {
    "APMobileNetwork": [],
    "APMobileFramework": [],
    "APLog": [],
    "AntUI": [],
    "BeeMediaPlayer": [],
    "APCommonUI": [],
    "Nebula": [],
    "APMultimedia": []
  },
  "vendored_frameworks": "BeePhotoBrowser.framework",
  "weak_frameworks": "Photos",
  "requires_arc": true,
  "xcconfig": {
    "FRAMEWORK_SEARCH_PATHS": "$(PODS_ROOT)/BeePhotoBrowser"
  }
}