{"name":"AMNet","version":"1.0.0.220802141715","summary":"AMNet - 支付宝钱包AMNet类库","description":"* Detail about this framework.","homepage":"https://www.mpaas.com/","license":"MIT","authors":"mPaaS","platforms":{"ios":"5.0"},"source":{"http":"https://mpaas-ios.oss-cn-hangzhou.aliyuncs.com/mPaaS-SDK-Public/AMNet/1_0_0_220802141715.tar.gz"},"preserve_paths":"AMNet.framework/*","dependencies":{"APMobileFoundation":[],"APOpenSSL":[],"APProtocolBuffers":[],"APBaseInterfaceAdapter":[],"APBifrostDynamic":[],"APMPaaS":[]},"vendored_frameworks":"AMNet.framework","requires_arc":true,"xcconfig":{"FRAMEWORK_SEARCH_PATHS":"$(PODS_ROOT)/AMNet"}}