{"name":"APMobileNetwork","version":"1.0.0.220818223309","summary":"APMobileNetwork - A set of classes for network access","description":"* A set of classes for network access","homepage":"https://www.mpaas.com/","license":"MIT","authors":"mPaaS","platforms":{"ios":"5.0"},"source":{"http":"https://mpaas-ios.oss-cn-hangzhou.aliyuncs.com/mPaaS-SDK-Public/APMobileNetwork/1_0_0_220818223309.tar.gz"},"preserve_paths":"APMobileNetwork.framework/*","resources":"APMobileNetwork.framework/*.bundle","frameworks":"CoreMotion","dependencies":{"mPaas":[],"APOpenSSL":[],"MPGMAdapter":[],"MPAntSSM":[]},"vendored_frameworks":"APMobileNetwork.framework","requires_arc":true,"xcconfig":{"FRAMEWORK_SEARCH_PATHS":"$(PODS_ROOT)/APMobileNetwork"}}