{"name":"APMobileNetwork","version":"1.0.0.200923103831","summary":"APMobileNetwork - A set of classes for network access","description":"* A set of classes for network access","homepage":"https://www.mpaas.com/","license":"MIT","authors":"mPaaS","platforms":{"ios":"5.0"},"source":{"http":"https://mpaas-ios.oss-cn-hangzhou.aliyuncs.com/mPaaS-SDK-Public/APMobileNetwork/1_0_0_200923103831.tar.gz"},"preserve_paths":"APMobileNetwork.framework/*","resources":"APMobileNetwork.framework/*.bundle","frameworks":["CoreMotion","SystemConfiguration","CoreTelephony"],"dependencies":{"APSecurityUtility":[],"mPaas":[],"APOpenSSL":[],"APRemoteLogging":[]},"vendored_frameworks":"APMobileNetwork.framework","requires_arc":true,"xcconfig":{"FRAMEWORK_SEARCH_PATHS":"$(PODS_ROOT)/APMobileNetwork"}}