{"name":"MPBaseTest","version":"1.0.0.210816111151","summary":"移动网关 Demo","description":"移动网关相关功能 demo，包括：","homepage":"https://www.mpaas.com/","license":"MIT","authors":"mPaaS","platforms":{"ios":"8.0"},"source":{"http":"https://mpaas-ios.oss-cn-hangzhou.aliyuncs.com/mPaaS-SDK-Public/MPBaseTest/1_0_0_210816111151.tar.gz"},"vendored_frameworks":"MPBaseTest.framework","libraries":["z","c++"],"resources":"MPBaseTest.framework/*.bundle","preserve_paths":"MPBaseTest.framework/*","dependencies":{"APLog":[]},"frameworks":["EventKit","QuickLook","Contacts","ContactsUI","AddressBook","AddressBookUI","Photos"],"requires_arc":true}