{"name":"MPPushSDK","version":"1.0.0.220529140557","summary":"mPaaS push SDK","description":"push仓库","homepage":"https://www.mpaas.com/","license":"MIT","authors":"mPaaS","platforms":{"ios":"8.0"},"source":{"http":"https://mpaas-ios.oss-cn-hangzhou.aliyuncs.com/mPaaS-SDK-Public/MPPushSDK/1_0_0_220529140557.tar.gz"},"vendored_frameworks":"MPPushSDK.framework","preserve_paths":"MPPushSDK.framework/*","requires_arc":true,"dependencies":{"APMobileNetwork":[],"APRemoteLogging":[],"APProtocolBuffers":[],"NetworkCtlService":[]}}