{"name":"FalconLooks","version":"1.0.0.200302192253","summary":"FalconLooks - 支付宝钱包FalconLooks类库","description":"* Detail about this framework.","homepage":"https://www.mpaas.com/","license":"MIT","authors":"mPaaS","platforms":{"ios":"5.0"},"source":{"http":"https://mpaas-ios.oss-cn-hangzhou.aliyuncs.com/mPaaS-SDK-Public/FalconLooks/1_0_0_200302192253.tar.gz"},"preserve_paths":"FalconLooks.framework/*","resources":"FalconLooks.framework/*.bundle","vendored_frameworks":"FalconLooks.framework","requires_arc":true,"xcconfig":{"FRAMEWORK_SEARCH_PATHS":"$(PODS_ROOT)/FalconLooks"}}