{"name":"MultimediaDemo","version":"1.0.0.201027115604","summary":"Demo","description":"相关功能 demo，包括：","homepage":"https://www.mpaas.com/","license":"MIT","authors":"mPaaS","platforms":{"ios":"8.0"},"source":{"http":"https://mpaas-ios.oss-cn-hangzhou.aliyuncs.com/mPaaS-SDK-Public/MultimediaDemo/1_0_0_201027115604.tar.gz"},"vendored_frameworks":"MultimediaDemo.framework","libraries":["z","c++"],"resources":"MultimediaDemo.framework/*.bundle","preserve_paths":"MultimediaDemo.framework/*","dependencies":{"APMobileFramework":[],"APCommonUI":[],"AntUI":[],"AntUIShellForMpass":[],"KYC":[],"FaceLivenessSDK":[],"MPKYCAdapter":[]},"requires_arc":true}