{"name":"XMedia","version":"1.0.0.210924151211","summary":"XMedia - 支付宝钱包XMedia类库","description":"* Detail about this framework.","homepage":"https://www.mpaas.com/","license":"MIT","authors":"mPaaS","platforms":{"ios":"5.0"},"source":{"http":"https://mpaas-ios.oss-cn-hangzhou.aliyuncs.com/mPaaS-SDK-Public/XMedia/1_0_0_210924151211.tar.gz"},"preserve_paths":"XMedia.framework/*","resources":"XMedia.framework/*.bundle","dependencies":{"APMUtils":[],"xNN":[],"libCVEngine":[],"APOpenSSL":[]},"vendored_frameworks":"XMedia.framework","requires_arc":true,"xcconfig":{"FRAMEWORK_SEARCH_PATHS":"$(PODS_ROOT)/XMedia"}}