{"name":"NetworkCtlService","version":"1.0.0.220916230753","summary":"NetworkCtlService - 支付宝钱包NetworkCtlService类库","description":"* Detail about this framework.","homepage":"https://www.mpaas.com/","license":"MIT","authors":"mPaaS","platforms":{"ios":"5.0"},"source":{"http":"https://mpaas-ios.oss-cn-hangzhou.aliyuncs.com/mPaaS-SDK-Public/NetworkCtlService/1_0_0_220916230753.tar.gz"},"preserve_paths":"NetworkCtlService.framework/*","resources":"NetworkCtlService.framework/*.bundle","dependencies":{"APMobileNetwork":[],"APMobileFramework":[],"APRemoteLogging":[],"APMobileFoundation":[],"AMRPC":[],"AMNet":[],"APMobileLBS":[],"SecurityGuardSDK":[],"APProtocolBuffers":[],"MASSProxy":[],"MASSChannel":[],"APLog":[],"APBaseInterfaceAdapter":[],"AntNetworkAdapter":[]},"vendored_frameworks":"NetworkCtlService.framework","requires_arc":true,"xcconfig":{"FRAMEWORK_SEARCH_PATHS":"$(PODS_ROOT)/NetworkCtlService"}}