{"name":"MPLicense","version":"1.0.0.190413202658","summary":"基础库.","description":"基础库MobileFundation.","homepage":"https://www.mpaas.com/","license":"MIT","authors":"mPaaS","platforms":{"ios":"8.0"},"source":{"http":"https://mpaas-ios.oss-cn-hangzhou.aliyuncs.com/mPaaS-SDK-Public/MPLicense/1_0_0_190413202658.tar.gz"},"vendored_frameworks":"MPLicense.framework","preserve_paths":"MPLicense.framework/*","requires_arc":true,"xcconfig":{"FRAMEWORK_SEARCH_PATHS":"$(PODS_ROOT)/MPLicense"},"dependencies":{"APOpenSSL":[]}}