{"name":"APBaseInterfaceAdapter","version":"1.0.0.211125171059","summary":"APBaseInterfaceAdapter - 支付宝钱包APBaseInterfaceAdapter类库","description":"* Detail about this framework.","homepage":"https://www.mpaas.com/","license":"MIT","authors":"mPaaS","platforms":{"ios":"5.0"},"source":{"http":"https://mpaas-ios.oss-cn-hangzhou.aliyuncs.com/mPaaS-SDK-Public/APBaseInterfaceAdapter/1_0_0_211125171059.tar.gz"},"preserve_paths":"APBaseInterfaceAdapter.framework/*","resources":"APBaseInterfaceAdapter.framework/*.bundle","vendored_frameworks":"APBaseInterfaceAdapter.framework","requires_arc":true,"xcconfig":{"FRAMEWORK_SEARCH_PATHS":"$(PODS_ROOT)/APBaseInterfaceAdapter"}}